{"type": "metrics", "dataset": "train", "precision": 0.7030446816923686, "balanced_accuracy": 0.665021954885846, "recall": 0.3762962962962963, "f1_score": 0.4902122966639096}
{"type": "metrics", "dataset": "test", "precision": 0.6752293577981652, "balanced_accuracy": 0.6680674374315638, "recall": 0.3861490031479538, "f1_score": 0.49132176234979974}
{"type": "cm_matrix", "dataset": "train", "true_0": {"predicted_0": 15486, "predicted_1": 751}, "true_1": {"predicted_0": 2947, "predicted_1": 1778}}
{"type": "cm_matrix", "dataset": "test", "true_0": {"predicted_0": 6724, "predicted_1": 354}, "true_1": {"predicted_0": 1170, "predicted_1": 736}}
